{"position": [73.8785614148871, 5.377927974293696, 3.2966214960098377], "focal_point": [72.89110223315969, 5.495240592040291, 3.1909705890574527], "view_up": [-0.11026093532097969, -0.03351006871137431, 0.9933376069781624], "distance": 1.0000000000000995, "view_angle": 30.0, "near_clipping": 2.073226337692954, "far_clipping": 2073.226337692954}