{"position": [-21.751195886464426, -19.032407306151843, 14.474922410902014], "focal_point": [-20.997327051277175, -18.48023966753251, 14.118842815593686], "view_up": [0.2904231303930933, 0.20608754521480555, 0.9344422555942191], "distance": 0.9999999999999889, "view_angle": 30.0, "near_clipping": 2.3581847949504655, "far_clipping": 2358.1847949504654}