{"position": [-5.650803046155604, 2.11695838545499, 1.0549158217246752], "focal_point": [-4.671780242745743, 2.013534940343694, 0.8793654260976264], "view_up": [0.173908603821982, -0.024754595654049916, 0.9844506120221034], "distance": 1.0000000000000029, "view_angle": 30.0, "near_clipping": 1.9170983032225928, "far_clipping": 1917.0983032225927}