{"position": [0.6225388845202194, -5.961180323242583, 1.1222272566238505], "focal_point": [0.572802592837011, -4.966267381738285, 1.0346228040110526], "view_up": [0.04422667792265255, 0.08982087752537078, 0.9949754825725599], "distance": 1.0000000000003597, "view_angle": 30.0, "near_clipping": 1.8500193989736717, "far_clipping": 1850.0193989736717}