{"position": [6.827334536923068, 0.2956982920202593, -77.84412917734984], "focal_point": [6.986817261366959, 0.4281671388551015, -76.86585658485686], "view_up": [0.9871972772011147, -0.018783402446360266, -0.1583941908001795], "distance": 1.0000000000003721, "view_angle": 30.0, "near_clipping": 0.6544871512561372, "far_clipping": 654.4871512561372}