{"position": [-26.806412188824215, 12.639253773610307, 5.030270051924925], "focal_point": [-25.818657410414982, 12.593495829643746, 4.881116747255985], "view_up": [0.14965291982516193, 0.007675203019528731, 0.9887088018453223], "distance": 0.9999999999999926, "view_angle": 30.0, "near_clipping": 1.8692348898048987, "far_clipping": 1869.2348898048988}