{"position": [38.61308531017662, -8.050432043279754, 1.0293955304894977], "focal_point": [38.56334901849342, -7.055519101775455, 0.9417910778767], "view_up": [0.022101578061518367, 0.08878789946688555, 0.995805316894547], "distance": 1.0000000000003604, "view_angle": 30.0, "near_clipping": 1.8569889989736652, "far_clipping": 1856.9889989736653}