{"position": [45.56194287147236, -1.0247853905772257, 0.5553853087728924], "focal_point": [44.574483689744945, -0.907472772830631, 0.44973440182050717], "view_up": [-0.10289010999393074, 0.029362637996476593, 0.9942592522855016], "distance": 1.0000000000000995, "view_angle": 30.0, "near_clipping": 2.024826337692948, "far_clipping": 2024.8263376929476}