{"position": [1.5200414624277185, -0.7862668535999857, -0.5351357237993757], "focal_point": [2.3716490927499296, -0.28086262408897955, -0.6741717219054791], "view_up": [0.17011060012267143, -0.015581723442548129, 0.985301777944435], "distance": 0.9999999999999929, "view_angle": 30.0, "near_clipping": 2.38785455106845, "far_clipping": 2387.85455106845}