{"position": [37.57117132756879, -0.40499777180077395, -0.315359357975195], "focal_point": [36.67481023592561, 0.031028169142126028, -0.39547285379857455], "view_up": [-0.07875941810290904, 0.021213584318209588, 0.9966679175635513], "distance": 0.9999999999999677, "view_angle": 30.0, "near_clipping": 2.405244619720191, "far_clipping": 2405.2446197201907}