{"position": [28.345209480681014, 8.442234592891356, 75.67201986650707], "focal_point": [28.217971688810504, 8.415447057959407, 74.68050941659092], "view_up": [-0.020163828304772004, 0.999498519128482, -0.024415779489241386], "distance": 1.0000000000003686, "view_angle": 30.0, "near_clipping": 0.41860756262044996, "far_clipping": 418.6075626204499}